original_text,rewritten_text,orig_ai_score,new_ai_score,perplexity,fk_grade,kl_div,bert_f1,persona_align
"There are a few reasons why major drug companies have not been producing medical cannabis. First, cannabis is still classified as a Schedule I controlled substance under federal law in the United States, which means it is illegal and considered to have a high potential for abuse. This makes it difficult for major drug companies to produce and sell cannabis products. Second, even in states where medical cannabis is legal, the regulatory environment is complex and can vary greatly from state to state. This can make it difficult for major drug companies to navigate the different regulations and obtain the necessary licenses to produce and sell medical cannabis products. Finally, the market for medical cannabis is still relatively small and is not yet as profitable as other areas of the pharmaceutical industry, so major drug companies may not see it as a worthwhile investment. However, as more and more states legalize medical cannabis and the market grows, it is possible that major drug companies may become more interested in producing and selling these products.","I think it's because big pharma can't really make a buck off of it, you know ? It's still illegal at the feds level, so they can't sell it . Even in places where it's legal, the rules are all wonky and they can't figure it out . It's just not worth it for them, I guess.",0.9992450475692749,0.00024461987777613103,18.65289878845215,3.6601851851851883,0.11912763407384709,0.8641246557235718,0.8808723659261529
"A Fourier transform is a way of breaking a waveform, or a pattern of change, into a set of simple waves called sine and cosine waves. It can be thought of as a way of taking apart a complicated wave and seeing what simple waves make it up. For example, let's say you have a drum with a very complicated drumbeat. If you were to listen to the drumbeat, it might be hard to figure out what's going on because there are so many different sounds happening at once. However, if you were to use a Fourier transform, you could break the drumbeat down into a series of simple sine and cosine waves. This would make it easier to understand what's happening in the drumbeat and how the different sounds are related to one another. The reason why Fourier transforms are useful is that they allow us to analyze and understand patterns of change in a way that is much simpler than trying to analyze the pattern as a whole. They also allow us to manipulate the patterns in different ways, such as changing the pitch or the volume of the sound. Overall, Fourier transforms are a very powerful tool that is used in a wide range of fields, including physics, engineering, and even music and art.","Fourier transforms , they're like breaking down a complicated wave into simple sine and cosine waves. Like , take a drumbeat , it's hard to figure out what's happening but with a Fourier transform you can break it down into simple waves , it's easier to understand what's going on. They're useful because they let you analyze and understand patterns of change in a simpler way , like a big puzzle with many pieces. They also let you manipulate the patterns in different ways , like changing the pitch or volume of a sound. I guess , that's why they're used in physics , engineering and even music and art. It's probably because they're really good at breaking down complicated things into simpler parts. Fourier transforms can be done in the frequency domain for analysis , it's sort of like taking a picture of a waveform and then seeing what makes it up.",0.9992457628250122,0.0002447741280775517,20.941574096679688,10.378690476190474,0.07471442475589576,0.9011641144752502,0.9252855752441043
"Ringworm is a fungal infection that can cause a circular rash on the skin. It is important to see a doctor for proper diagnosis and treatment, as the infection can spread to other parts of the body and to other people if left untreated. In the meantime, you can try the following self-care measures to help manage the symptoms:

Keep the affected area clean and dry. Wash the area with soap and water, and pat it dry with a clean towel.

Avoid scratching the rash. This can cause the infection to spread and may lead to further irritation and inflammation.

Apply an over-the-counter antifungal cream or ointment to the affected area. This can help to kill the fungus and prevent the infection from spreading.

Use a cool, damp cloth to help soothe the itchiness.

Avoid tight clothing that may irritate the affected area. Wear loose-fitting clothing made of natural fibers, such as cotton.

Avoid sharing personal items, such as towels, with others to prevent the infection from spreading.

It is important to follow the treatment plan recommended by your doctor to fully resolve the infection. This may include taking antifungal medication orally or applying an antifungal cream or ointment to the affected area for a period of time. If you have any concerns about your symptoms or treatment, be sure to speak with your doctor.",it's probably best to see a doctor tomorrow but till then you can try keepin the area clean and dry by washin it with soap and water and pat it dry with a clean towel. don't scratch the rash 'cause it can spread the infection and get worse. you can apply some over-the-counter antifungal cream or ointment to help kill the fungus. a cool damp cloth might also help soothe the itch. wear loose-fitting clothes made of natural fibers like cotton 'cause tight stuff can irritate the area. don't share personal stuff like towels with others to prevent the infection from spreadin. just follow the treatment plan your doctor recommends and take the antifungal meds if you need to. they can help you get rid of the infection.,0.9992371797561646,0.003250103909522295,21.67323112487793,6.8750000000000036,0.020601705189579406,0.8910089135169983,0.9793982948104206
"Flies do not go into hibernation during the winter. Some species of flies do lay eggs before they die, but not all flies follow this pattern.

There are many different species of flies, and each one has its own behavior and habits. Some flies, like houseflies and blowflies, are active during the warmer months and lay eggs that hatch into larvae (also known as maggots). The larvae grow and eventually turn into adult flies.

During the colder months, many flies will find a warm place to hide, such as a house or a barn. Some flies, like fruit flies and drain flies, may lay eggs that can survive the winter and hatch into new flies when the weather warms up. Other flies, like houseflies and blowflies, may die off during the winter, but their eggs or larvae may survive in a dormant state until the weather warms up.

In summary, not all flies go into hibernation during the winter, and different species of flies have different behaviors and habits. Some flies may lay eggs that can survive the winter, while others may hide in a warm place or die off until the weather warms up again.","I'm no expert but I guess flies don't exactly go into hibernation like bears do. Some of them will lay eggs before they die, I think. They're not all the same though, there are lots of different kinds of flies.

Some like houseflies and blowflies are pretty active during warm months, they lay eggs that turn into larvae and then into new flies. But when it gets cold, some flies will find a warm spot to hide, like a house or a barn. 

I'm not really sure about fruit flies and drain flies, maybe their eggs can survive the winter and hatch when it warms up. And houseflies and blowflies, I think they might die off during winter but their eggs or larvae can be dormant till it gets warmer.

They're not all the same, that's for sure. Some will lay eggs that can make it through winter, while others will hide or die off till it warms up again. That's what I know, anyway.",0.9992355108261108,0.15267005562782288,19.855648040771484,5.004999999999999,0.0356291868323361,0.913949728012085,0.9643708131676639
"Banksy is a street artist who is known for creating artworks in public places, often without permission. He has been able to avoid being caught by remaining anonymous and by being very careful not to leave any clues behind that could lead to his identification. He also only works at night, when there are fewer people around to see him. Banksy is also very good at covering his tracks and erasing any evidence that could be used to find him. This combination of factors has allowed him to avoid being caught for many years.",I don't know how he does it . People say he's really good at hiding and doesn't leave no signs of himself behind . He does his art at night when it's less crowded . He's also got a way of covering his tracks so people can't figure out where he came from . Probably he's been doing this for so long he's got it down to a science .,0.9991803765296936,0.00024679198395460844,21.189695358276367,4.1846153846153875,0.12662406718477467,0.8683505058288574,0.8733759328152253
"Alexey Grigorevich Ivakhnenko was a Ukrainian and Soviet computer scientist and inventor, known for his pioneering work in the field of artificial neural networks. He is considered one of the founders of this field, along with his colleague and fellow Ukrainian scientist Igor Aizenberg.



Ivakhnenko was born in Kharkiv, Ukraine in 1925. He received his doctorate in physical and mathematical sciences from the Ukrainian Academy of Sciences in 1955. In the 1950s and 1960s, he worked at the Institute of Cybernetics in Kiev, where he developed the first practical applications of artificial neural networks, known as ""cybernetic models,"" for pattern recognition and machine learning.



Ivakhnenko's work laid the foundation for modern artificial neural networks and has had a significant impact on the development of artificial intelligence and machine learning. He was awarded the Order of Lenin and the Order of the Red Banner of Labor for his contributions to science and technology. Ivakhnenko died in 2007 at the age of 81.","Alexey Ivakhnenko was a Ukrainian and Soviet computer scientist and inventor. He is pretty famous for his work in artificial neural networks. Ivakhnenko is one of the founders of this field, along with Igor Aizenberg, another Ukrainian scientist. 

Ivakhnenko was born in Kharkiv, Ukraine in 1925. He got his doctorate in physical and mathematical sciences from the Ukrainian Academy of Sciences in 1955. In the 1950s and 1960s, he worked at the Institute of Cybernetics in Kiev, where he started working on artificial neural networks. He developed cybernetic models for pattern recognition and machine learning.

He's really important because his work laid the foundation for modern artificial neural networks. Ivakhnenko's work also had a huge impact on the development of artificial intelligence and machine learning. He got a few awards for his contributions to science and technology, including the Order of Lenin and the Order of the Red Banner of Labor. Ivakhnenko died in 2007 at the age of 81.",0.9988318085670471,0.007299476768821478,10.421630859375,10.290227272727272,0.004302274575041609,0.9613013863563538,0.9956977254249584
"In the United Kingdom, if you are a business that supplies goods or services and your taxable turnover exceeds the current VAT threshold, you are required to register for VAT. The current VAT threshold is £85,000. This means that if your taxable turnover is less than this amount, you are not required to register for VAT.However, even if you are not required to register for VAT, you may choose to do so voluntarily. There are several reasons why a business may choose to register for VAT voluntarily, even if it is below the VAT threshold. For example, you may choose to register for VAT if you expect your business to grow and exceed the VAT threshold in the near future. Additionally, registering for VAT may make your business appear more professional and credible to potential customers.If you are unsure whether or not you should register for VAT, it is a good idea to seek advice from a qualified accountant or tax professional. They can help you understand the benefits and drawbacks of registering for VAT and help you make an informed decision about whether or not it is right for your business.","so like I'm a contractor and my revenue's all below UK's VAT threshold, right? I'm trying to figure out if I should register for VAT. in the UK, if your taxable turnover's over the VAT threshold, you're basically required to register for VAT, which is £85,000 at the moment. but if your turnover's below that, you don't have to, you know? however, some people might choose to register voluntarily, even if they don't have to. one reason is if they think their business is gonna grow and they'll be over the VAT threshold soon. another reason is, it might make their business seem more professional to customers, I guess. 

anyway, if you're not sure what to do, it's probably a good idea to talk to a qualified accountant or tax pro, they can help you figure out the benefits and drawbacks of registering for VAT, and you can decide if it's right for your business or not.",0.9992510676383972,0.00033808560692705214,16.867877960205078,8.673941082802546,0.11170253392375169,0.9174551367759705,0.8882974660762483
"The Thompson SMG (submachine gun) and the M1911 pistol use different types of cartridges. The Thompson SMG uses a .45 ACP (Automatic Colt Pistol) cartridge, while the M1911 pistol uses a .45 ACP cartridge as well. The difference in muzzle velocity between the two firearms is due to the difference in the design and construction of the guns, as well as the fact that the SMG is designed to fire multiple shots in rapid succession, while the M1911 is a single shot pistol.\n\nThe Thompson SMG has a higher muzzle velocity because it is designed to fire multiple rounds in quick succession, and therefore has a higher pressure in the chamber when firing. This higher pressure results in the bullet being propelled out of the barrel at a faster velocity. The M1911, on the other hand, is a single shot pistol, so it does not have the same high pressure in the chamber when firing, and therefore the bullet is not propelled out of the barrel at the same high velocity as it is in the SMG.\n\nI hope this helps to explain the difference in muzzle velocity between the two firearms!","The Thompson SMG and M1911 pistol use different cartridges . Both use .45 ACP, but that's not the reason the Thompson SMG has higher muzzle velocity . It's because the SMG is designed to fire lots of rounds fast, so the pressure in the barrel is way higher when it fires. This makes the bullet go really fast . The M1911 is a single shot, so it doesn't have that same high pressure, and the bullet doesn't go as fast . Maybe it's not the only reason, but that's the main one I know .",0.9992398023605347,0.0002447479637339711,17.984561920166016,5.993333333333336,0.05577596205779642,0.8936133980751038,0.9442240379422036
"Hiroshima and Chernobyl are two cities that have been affected by major disasters. Hiroshima was bombed by an atomic bomb during World War II, while Chernobyl was the site of a nuclear power plant disaster in 1986. However, despite the severity of these disasters, both cities have been able to recover and rebuild over time. In the case of Hiroshima, the city was able to rebuild and has a population of over 1.2 million people today. This is because the people of Hiroshima were able to come together and work towards rebuilding their city, and they received support from the government and other organizations. On the other hand, the disaster at Chernobyl had a more severe and long-lasting impact on the surrounding area, and it remains largely uninhabitable to this day. The city of Pripyat, which was located near the power plant, was completely abandoned after the disaster, and it remains a ghost town. However, there are still people living in the surrounding areas, and the Ukrainian government is working to make the region safe for people to live in again. I hope this helps to explain the difference between the two cities. Do you have any other questions about this topic?","Hiroshima and Chernobyl are two cities that have been through some bad stuff. Hiroshima was bombed by an atomic bomb, and Chernobyl had a nuclear power plant disaster. Both were really bad, but Hiroshima was able to get back on its feet. People worked together to rebuild, and they got some help from the government and other places. Now it's a city with over 1.2 million people. Chernobyl, though, was way worse and still isn't safe to live around. There's a town near it called Pripyat that was abandoned after the disaster and is still kinda empty.",0.9992399215698242,0.998615026473999,16.27614402770996,6.656275773195876,0.00605315062820688,0.9106674790382385,0.9939468493717931
"If you don't have access to an employer-sponsored retirement plan, such as a 401(k) or a pension, you can still save for retirement on your own. Here are some options you can consider:Individual Retirement Account (IRA): An IRA is a personal savings plan that allows you to contribute money on a tax-deferred basis. There are two main types of IRAs: traditional and Roth. With a traditional IRA, you can contribute pre-tax dollars and potentially deduct your contributions on your tax return, while with a Roth IRA, you contribute after-tax dollars but can withdraw your contributions and earnings tax-free in retirement.Savings account: If you're just starting to save for retirement, you may want to consider opening a high-yield savings account at a bank or credit union. While the interest rates may be lower than other investments, a savings account is a safe place to store your money and earn a small amount of interest.Investment account: Another option is to open an investment account, such as a brokerage account, and invest in a variety of assets, such as stocks, bonds, and mutual funds. This can help you earn higher returns over the long term, but it also carries more risk.Annuity: An annuity is a financial product that pays out a steady stream of income over a certain period of time. You can choose to receive the payments for a set number of years or for the rest of your life. Annuities can be a good option if you want to ensure a steady income in retirement, but they can be complex and may come with high fees, so it's important to do your research before purchasing one.Regardless of which option you choose, it's important to start saving for retirement as early as possible to take advantage of the power of compound interest. The more you can save, the more comfortable your retirement will be.","you probably won't have an employer-sponsored retirement plan like a 401(k) or a pension, so you'll have to save for retirement on your own . one option is an Individual Retirement Account (IRA) - it's a personal savings plan that lets you put in money tax-free . there's two kinds of IRAs: traditional and Roth . with a traditional IRA, you can contribute pre-tax dollars, but with a Roth IRA, you put in after-tax dollars, so you won't have to pay taxes on your contributions when you withdraw them in retirement . another option is a high-yield savings account at a bank or credit union . this isn't the best investment, but it's a safe place to put your money and earn a bit of interest . you can also open an investment account, like a brokerage account, and put your money in things like stocks, bonds, and mutual funds . this might make your money grow more over time, but it's also riskier . there's also annuities, which are financial products that pay you a steady income for a set number of years or for the rest of your life . annuities can be a good idea if you want to know you'll have a steady income in retirement, but they can be complicated and expensive .",0.999250590801239,0.00024482826120220125,11.109318733215332,10.268507246376814,0.0464601706762926,0.9184181094169617,0.9535398293237074
"It's important to note that stock prices fluctuate constantly, and the price of a stock can change significantly over the course of a day, a week, or even longer. There are many factors that can influence the price of a stock, including market conditions, news about the company, and the overall performance of the economy.It's also important to keep in mind that the stock market is made up of many different stocks, and the performance of one particular stock does not necessarily reflect the performance of the market as a whole. Apple is a large and well-known company, and its stock price may be influenced by a variety of factors. However, it's not accurate to say that the price of Apple's stock has consistently gained significantly overnight over the past 10 years.","i don't think there's a simple answer to that. i mean, stock prices can go up and down fast, right? it's like a rollercoaster. there are lots of things that can make a stock price change, like news about the company or how the economy's doing. apple's a big company, so its stock price might be influenced by all sorts of things. but i'm not sure if it's really true that its stock price has gone up overnight most of the time in the last 10 years. maybe, but probably not.",0.9992501139640808,0.008294546976685524,16.081890106201172,4.392087912087913,0.07629478640696856,0.8835326433181763,0.9237052135930315
"Baldness is more common in men than in women because of genetics. Men and women both have the same types of hair on their heads, but men's hair is more sensitive to a hormone called dihydrotestosterone (DHT). When men have high levels of DHT, it can cause their hair to thin and fall out. This is called male pattern baldness.

Women also have DHT, but their hair is less sensitive to it, so they are less likely to experience hair loss. However, some women can still experience hair loss due to other factors, such as medical conditions, certain medications, or age.

Overall, baldness is more common in men because of the way their bodies respond to DHT. It's not that male genes are targeted more than female ones, it's just that men's bodies are more likely to experience hair loss due to the way they respond to DHT.","Men are way more likely to be bald than women, right ? I think it's because of how their bodies work . You see, men and women both have hair on their heads but men's hair is super sensitive to a hormone called DHT . When men have lots of DHT, it can make their hair get thinner and fall out . This is why some men go bald . It's called male pattern baldness .

Women have DHT too, but their hair isn't as sensitive to it so they're less likely to go bald . Some women might still lose their hair though because of other reasons like bad health, certain medicines, or getting older .

I guess it's not that men's genes are special or anything , it's just that men's bodies are more likely to lose their hair because of how they react to DHT .",0.9992265701293945,0.00024423093418590724,12.925575256347656,5.034772182254198,0.058391692029341455,0.9286903738975525,0.9416083079706585
"There are a few reasons why some YouTube videos might not be available on mobile devices. One reason might be that the video's creator has chosen to only make the video available on certain devices, such as computers. Another reason might be that the video has been flagged by YouTube for violating the website's terms of service, and has been removed from the site. Finally, some videos might not be available on mobile devices because of issues with copyright or licensing.","I think it's kinda weird that some youtube vids aren't available on mobile . Like they just aren't there . One reason is the creator might've made it so only computers can watch it . They're the ones in charge so they can do what they want . Maybe the video got flagged by YouTube and it got taken down . You can't watch it if it's not on the site . I guess it could be because of copyright stuff too , like someone owns the rights and doesn't want it on mobile .",0.9992407560348511,0.0002459770767018199,28.06818389892578,4.312315270935962,0.10784161516607181,0.8823248147964478,0.8921583848339282
"The Tea Party was a political movement that originated in the United States in the late 2000s. It was made up of people who were concerned about the size and scope of the federal government, and who believed that the government was overstepping its bounds in many areas. One of the main things that the Tea Party stood for was limited government and individual freedom. They believed that the government should not be involved in people's lives and should not have the power to regulate or control certain aspects of society. They also believed in the importance of personal responsibility and self-reliance, and opposed things like high taxes and big government programs. The Tea Party had a problem with what they saw as an increase in the size and power of the federal government, and with policies that they believed were infringing on individual freedom and personal responsibility. They opposed things like the Affordable Care Act (also known as ""Obamacare"") and government programs that they saw as wasteful or unnecessary. The Tea Party's ideal view of the country was one in which the government played a limited role in people's lives, and where individuals were free to make their own choices and decisions without interference from the government. They believed that this would lead to a stronger, more prosperous society.","The Tea Party was a political thing that happened in the US back in the late 2000s . They were all about being worried that the government was getting too big and powerful , and that it was doing things it shouldn't be . One thing they really cared about was making sure the government stayed out of people's lives and didn't tell 'em what to do . They also thought it was super important for people to be responsible for themselves and not rely on others . They were against things like really high taxes and big government programs that they thought were a waste . They had a problem with the government getting too big and powerful , and with policies that they thought were taking away people's freedom . They were against stuff like the Affordable Care Act and government programs they thought were a waste . Their idea of how the country should be is one where the government doesn't do much and people are free to make their own choices . They thought that way the country would be stronger and more successful .",0.9992424249649048,0.0002452565240673721,12.225956916809082,8.563782771535585,0.012308960933655824,0.9071400761604309,0.9876910390663441
"Bruce Jenner is a former Olympic athlete and television personality. Jenner rose to fame in the 1970s as a gold medal-winning decathlete at the 1976 Summer Olympics in Montreal. After retiring from sports, Jenner became a television personality and appeared on several reality television shows, including ""Keeping Up with the Kardashians"" and ""I Am Cait."" In 2015, Jenner announced that they are transgender and publicly transitioned to living as a woman. Since then, Jenner has been an advocate for transgender rights and has spoken out about the challenges and discrimination that transgender people face.","Bruce Jenner's a pretty big deal, you know? So he used to be an Olympic athlete, ran track and stuff, won a bunch of gold medals back in the 1970s. I think it was at the Olympics in Montreal, don't quote me on that. Anyway, he's kinda famous for that. Then he got into TV, did some reality shows, like ""Keeping Up with the Kardashians"" and that other one ""I Am Cait"". You know, it's that show about him transitioning, right? Yeah, that's what I'm talking about. It's been a while now, but I guess he said he's a woman and stuff, then he became an advocate for trans rights and all that.",0.9992345571517944,0.893699049949646,16.354740142822266,5.164767699115046,0.043603441888207646,0.8799022436141968,0.9563965581117924
"OpenGL and DirectX are software libraries that are used to render 3D graphics on a computer. They are used to create 3D games, applications, and other interactive 3D content.\n\nImagine that you have a box of toy blocks. OpenGL and DirectX are like tools that help you build things with those blocks. They give you a set of instructions that tell your computer how to put the blocks together to make 3D shapes and objects.\n\nThe main difference between OpenGL and DirectX is the way they work. OpenGL is an open-source library, which means that anyone can use it and modify it for their own purposes. DirectX, on the other hand, is proprietary software owned by Microsoft, so it can only be used on Microsoft Windows operating systems.\n\nBoth OpenGL and DirectX are widely used in the video game industry and other fields where 3D graphics are important. They each have their own strengths and weaknesses, and developers may choose one over the other depending on their specific needs.","OpenGL and DirectX are like tools that help you build things with computer graphics . They give you a set of instructions that tell your computer how to put pixels together to make 3D shapes and objects . Think of it like a kid's building blocks , but instead of blocks , it 's made up of tiny little dots called pixels . 

OpenGL is an open-source library , which means that anyone can use it and modify it for their own purposes . DirectX , on the other hand , is proprietary software owned by Microsoft , so it can only be used on Microsoft Windows operating systems . It 's kinda like a game console , where you need the special controller to play the games . 

They are used to create 3D games , applications , and other interactive 3D content . Both OpenGL and DirectX are widely used in the video game industry and other fields where 3D graphics are important . They each have their own strengths and weaknesses , and developers may choose one over the other depending on their specific needs .",0.9992406368255615,0.00024615705478936434,14.276639938354492,9.199019607843141,0.0038384662977126336,0.9215855598449707,0.9961615337022873
"Marriage is a legally recognized relationship between two people that brings with it certain rights and responsibilities. These rights and responsibilities can include things like how property is shared, how financial assets are managed, and how decisions are made about the care and upbringing of children. 
The government recognizes marriages because it has an interest in promoting stable relationships and supporting families. By providing legal recognition to marriages, the government can help to ensure that couples have access to certain rights and protections that can help to strengthen their relationship and provide a more stable environment for any children they might have. 
If the government stopped recognizing marriages, it would be much more difficult for couples to access these rights and protections. For example, if a couple were not legally married, they might not have the same rights to make medical decisions for each other in an emergency, or to inherit from each other if one of them dies. 
Overall, the legal recognition of marriage helps to support strong and stable relationships, which can be good for individuals, families, and society as a whole.","Marriage is a thing that gives people certain rights and responsibilities. It's like a contract, but between two people. One of the things it does is decide who gets what if you guys split up. It also decides how you handle money and stuff like that. 

The government is in on it too. They want people to be happy and have a stable home. If you're married, the government is like, ""Hey, you guys are good to go. We'll give you some extra rights and stuff."" It's like getting a special membership card. 

But if they didn't do that, it would be kinda tough. Like, if you and your partner aren't married, you might not have the right to make medical decisions for each other. Or, if one of you dies, the other might not get their stuff. 

That's it.",0.9986306428909302,0.0035090595483779907,14.50996208190918,4.131428571428572,0.04111664980622197,0.8859303593635559,0.958883350193778
"It is generally not a good idea to open multiple credit cards at once, especially if you have no credit history. Here are a few reasons why:Credit inquiries: Each time you apply for a credit card, the issuer will do a credit inquiry, which can have a negative impact on your credit score. If you apply for multiple cards at once, this could result in multiple inquiries, which could have a more significant impact on your score.Credit utilization: Your credit utilization, or the amount of credit you are using compared to the amount you have available, is an important factor in determining your credit score. If you open multiple credit cards at once, you will have a larger credit limit, which could result in a higher credit utilization ratio. This could have a negative impact on your credit score.Managing multiple accounts: It can be challenging to manage multiple credit card accounts, especially if you are new to credit. Each card will have its own due date, annual fee, and interest rate, and it can be easy to lose track of these details if you have multiple cards.In general, it is best to start with one or two credit cards and build a solid credit history before considering adding more. This will allow you to establish a good credit score and establish a track record of responsible credit use.","It's probably not a good idea to open multiple credit cards at once, I mean, it can be a real hassle, especially if you don't have any credit history. They'll do a credit inquiry each time, which can ding your credit score. Too many inquiries at once and it's gonna be worse. Then there's credit utilization, which is like, how much credit you're using vs. how much you've got. If you get a bunch of new cards, you'll have more credit available, which can make your utilization ratio look bad, and that's not good for your credit score. Managing all those cards can be kinda tough, too, I guess. Each one's got its own due date, annual fee, and interest rate, so it's easy to lose track of stuff. Probably best to start with just one or two cards and build some credit history before adding more.",0.999251663684845,0.0004608393064700067,15.72586441040039,7.155510204081633,0.0677425961902522,0.916923463344574,0.9322574038097478
"The CALM Act (short for Commercial Advertisement Loudness Mitigation Act) is a law that was passed in the United States in 2010 to address the issue of loud commercials. The law requires that the volume of commercials be the same as the volume of the program they appear in, so that viewers aren't startled or annoyed by sudden increases in volume. The CALM Act has had some success in reducing the volume of commercials, but it is not a perfect solution. There are a few reasons why commercials might still seem louder than the programs they appear in: 1. Some commercials are still produced at higher volumes than programs, even though the CALM Act requires that they be the same volume. This might be because the people who produce the commercials don't follow the rules, or because the tools they use to measure volume are not accurate. 2. The volume of a commercial can also be affected by the TV or device you are using to watch it. If your TV or device has a setting that allows you to adjust the volume of the program and commercials separately, you might need to adjust the settings to make sure that the volume is consistent. 3. Finally, it is possible that some commercials are louder because they are trying to grab your attention. Even though the CALM Act requires that commercials be the same volume as the program, advertisers are still allowed to use other techniques (such as bright colors, fast-paced music, or flashy graphics) to make their ads more attention-getting. Overall, the CALM Act has helped to reduce the volume of commercials, but it is not a perfect solution. If you are still experiencing problems with loud commercials, you might need to adjust your TV or device settings, or try using a volume-leveling tool to smooth out the volume changes between programs and commercials.","The CALM Act is a law that's supposed to make commercials not as loud, you know? I think it was passed in 2010. It says that commercials gotta be the same volume as the program they're on. Like, if you're watching a show and a commercial comes on, it shouldn't be way louder. But, it's not working like it's supposed to, I guess. Some commercials are still super loud. I don't know why that is, but it might be because some people who make commercials don't follow the rules, or their tools for measuring volume are messed up. Or, it could be your TV or device, maybe. You might need to adjust the settings to make sure the volume is okay. Some commercials are just really loud, period. They're trying to grab your attention, I think. They can still do all sorts of stuff to get you to pay attention, even if the volume is the same as the show.",0.9992415904998779,0.9984652996063232,17.60497283935547,4.728750000000002,0.0660440491205024,0.8841180801391602,0.9339559508794976
"There are pros and cons to both options, so it ultimately depends on your individual circumstances and priorities.If you buy a home and leverage roommates, you'll be responsible for all of the costs associated with owning a home, such as mortgage payments, property taxes, insurance, and maintenance. However, you may be able to offset some of these costs by renting out rooms to roommates. This can be a good option if you're able to find reliable roommates and you're comfortable sharing your home with others. It can also be a good way to build equity in a home, which can be a good long-term investment.On the other hand, if you split rent with roommates, you'll only be responsible for your share of the rent and you won't have to worry about the other costs associated with owning a home. This can be a good option if you're not ready to commit to owning a home or if you don't want the responsibility of being a landlord. However, you won't be building equity in a home, and you'll have to move whenever your lease is up or if you want to live somewhere else.Ultimately, the right choice for you will depend on your financial situation, your long-term goals, and your personal preferences. It's a good idea to carefully consider your options and think about what will work best for you before making a decision.","It's a trade off, I guess. If you buy a home and get roommates, you're on the hook for all the costs, like mortgage, taxes, insurance, and maintenance. But you can try to make some cash back by renting out rooms, as long as you can find good roommates. It's a good way to build equity in a home, which is sort of a long-term investment. But it's also a big responsibility, and you'll have to deal with the downsides of being a landlord. 

On the other hand, if you split rent with roommates, you just pay for your share of the rent, and you don't have to worry about all the other costs. This can be good if you're not ready to own a home, or if you don't want to deal with all the hassle. But you won't be building any equity, and you'll have to move whenever your lease is up.",0.9992507100105286,0.003802929539233446,10.39451789855957,6.4759415584415585,0.0651247685079965,0.9211433529853821,0.9348752314920035
"The prices for digital goods like apps, movies, and music can be different in different countries for a few reasons. One reason is that the companies who make the apps and music, like Apple and Google, might charge different prices in different countries based on how much money people in that country are able to pay. Another reason is that sometimes the prices are different because of taxes that the government charges on digital goods. Finally, sometimes the prices are different because of the exchange rate between different countries' currencies. For example, if one country's currency is worth more than another country's currency, then things might be more expensive in the country with the currency that is worth less.","Digital goods like apps and music from iTunes and Google play store are way more expensive in Australia. I don't get it, our dollar isn't that bad and we're downloading from the same internet, right? So why the price difference? I guess it's because Apple and Google can charge whatever they want in different countries. Maybe they figure some people can afford more than others. Or maybe it's because of taxes. The government might charge extra on digital stuff. I'm not really sure. And then there's the exchange rate thing. If our dollar is worth less than another country's, it makes things more expensive here. I guess that's how it is.",0.9992350339889526,0.029971614480018616,19.735055923461914,4.929238329238334,0.09558937842370568,0.8891466856002808,0.9044106215762944
"I think there are a few reasons why clothing companies might not charge more for larger sizes. One reason is that it might be more expensive to produce clothes in larger sizes. For example, it might take more fabric to make a shirt in a larger size, which could increase the cost of production. However, it's also possible that the cost of production is the same for all sizes, in which case the price of the clothing could be based on other factors, such as the brand, the quality of the materials, and the design. Another reason is that some clothing companies might want to make their clothes affordable for people of all sizes, so they might not want to charge more for larger sizes. They might also be worried that if they charge more for larger sizes, it could discourage people from buying their clothes, which could hurt their business. Finally, it's also possible that clothing prices are based on a variety of factors and are not necessarily directly related to the cost of production. For example, the price of a shirt might be based on how much the company thinks people are willing to pay for it, rather than the cost of making it.","They're probably making a few bucks on smaller sizes too . Clothes in bigger sizes take more fabric, I guess, which means more resource used . But I don't think the price is ever higher . Some companies might charge the same for all sizes because it's cheaper that way . But probably, it's not cheaper, and they're just trying to make their clothes affordable for everyone . Maybe they're worried people will buy from somewhere else if prices are higher . I mean, it's not like they're charging more just because they can . It's probably based on what people are willing to pay .",0.9992445707321167,0.00024595129070803523,25.274070739746094,5.442602040816329,0.1450798529432254,0.866921603679657,0.8549201470567747
"There are several factors to consider when evaluating an endowment policy for its fairness against other tax-saving options in India, such as Public Provident Fund (PPF), Employees' Provident Fund (EPF), and fixed deposits (FDs). Some of the key factors to consider include the amount of tax savings, the investment return, the level of risk, the flexibility of the investment, and the fees and charges associated with the investment.One way to compare the fairness of different tax-saving options is to compare the net effective yield, which takes into account the tax benefits and any fees and charges. For example, the net effective yield of a PPF account may be higher than an endowment policy if the PPF account has a higher investment return and lower fees and charges. Similarly, an FD may have a higher net effective yield than an endowment policy if it has a higher interest rate and no fees and charges.It's also important to consider the level of risk associated with different tax-saving options. Endowment policies typically involve some level of risk, as the investment return is dependent on the performance of the underlying assets. In contrast, PPF and EPF are considered to be low-risk investments, as they are backed by the government. FDs also tend to be low-risk, as they are backed by banks and other financial institutions.Finally, it's worth considering the flexibility of different tax-saving options. Endowment policies may offer some flexibility in terms of the ability to make partial withdrawals or to change the investment mix, but they are generally not as flexible as other options such as PPF or FDs, which can be withdrawn at any time.In summary, when evaluating the fairness of an endowment policy against other tax-saving options in India, it's important to consider the net effective yield, the level of risk, and the flexibility of the investment, as well as any fees and charges associated with the investment.","I don't know much about endowment policies but I do know that you gotta compare them with other tax-saving options like PPF, EPF and FDs. Like, you gotta think about the tax savings, the investment return, the risk level, how flexible it is, and what the fees and charges are. 

One way to do this is to look at the net effective yield, which takes into account the tax benefits and any fees and charges. So, if a PPF account has a higher investment return and lower fees and charges, it might have a higher net effective yield than an endowment policy. Similarly, if an FD has a higher interest rate and no fees and charges, it might have a higher net effective yield than an endowment policy. 

Also, you gotta think about the level of risk involved. Endowment policies can be a bit of a risk because the investment return depends on how well the underlying assets do. PPF and EPF are considered low-risk because they're backed by the government. FDs are also pretty low-risk because they're backed by banks and other financial institutions. 

And then there's the flexibility of the investment. Endowment policies might give you some flexibility, like the ability to make partial withdrawals or change the investment mix, but they're not as flexible as other options like PPF or FDs, which can be withdrawn at any time.",0.9992510676383972,0.0038772488478571177,11.634249687194824,10.274458874458876,0.024593673529034906,0.9230695962905884,0.9754063264709651
"A calculus, also known as a kidney stone, is a small, hard deposit that forms in the kidney. The size of a kidney stone can range from just a few millimeters to several centimeters. A stone measuring 7 mm is considered small and may pass on its own without treatment. However, larger stones may require medical intervention to be removed.

Treatment for kidney stones typically involves pain management and drinking plenty of fluids to help flush the stone out of the urinary system. In some cases, medications or procedures may be necessary to break up or remove the stone.

It is important for your mom to follow the treatment plan recommended by her healthcare provider and to continue to drink plenty of fluids to help prevent the formation of new stones. It is also a good idea for her to speak with a healthcare provider about strategies for preventing future kidney stones, such as maintaining a healthy diet and staying well-hydrated.","A calculus, or kidney stone, is a small, hard deposit that forms in the kidney. It can be any size, from a few millimeters to several centimeters. So, a 7mm stone isn't that big, probably won't cause too much trouble. 

They usually just pass on their own, but if it's bigger, they might need to get it removed. I guess they can use pain meds and have her drink lots of water to help flush it out. Maybe they'll need to break it up or something, but she should talk to her doc about it.",0.9992434978485107,0.0130471121519804,23.001115798950195,5.738684210526319,0.056063215260545536,0.9020586609840393,0.9439367847394544
"Hitting failing electronics might sometimes make them work again because there could be a loose connection inside the device that gets temporarily fixed when the device is struck. The vibration caused by the impact can cause the loose connection to make contact again, at least for a short period of time. However, this is not a reliable way to fix electronic devices, and it can actually cause more damage in the long run. It is always best to try to identify the problem with the device and fix it properly rather than resorting to hitting or striking it.","Hitting failing electronics might sometimes make them work again maybe because there's a loose connection inside the device that gets temporarily fixed when it's struck. I guess the vibration caused by the impact can cause the loose connection to make contact again, at least for a short time. But this isn't a reliable way to fix electronic devices, it can actually cause more damage in the long run. There's a good chance it's because of a loose connection, but it's not always that easy to figure out.",0.9992340803146362,0.9899901151657104,23.564058303833008,10.524683908045976,0.07218326425744348,0.9534972906112671,0.9278167357425565
"Article 5 of the North Atlantic Treaty (NATO) is the provision that outlines the collective defense commitment of the member states of NATO. It states that an attack on one member state is considered an attack on all member states, and that each member state will take such action as it deems necessary, including the use of armed force, to assist the attacked victim. This is known as the ""collective defense"" clause of NATO, and it is the cornerstone of the alliance's commitment to mutual defense.\n\nArticle 5 has been invoked only once in the history of NATO, after the terrorist attacks on the United States on September 11, 2001. In response to this attack, NATO member states activated the collective defense clause and provided military and other assistance to the United States.","Article 5 of NATO is a big deal . It says that if one country gets attacked, it's like all countries are getting attacked . So all countries have to help out and defend the one that's being attacked . This is called collective defense and it's kinda the main reason NATO exists . I think it's been used only once, after 9/11 when the US got attacked . NATO countries all helped out, but that's all I know .",0.999212384223938,0.0002448557934258133,23.624771118164062,4.847027027027028,0.04240906980477005,0.878615140914917,0.9575909301952299
"It's possible to genetically modify mosquitoes so that they don't bite, but it's not a simple solution to preventing diseases like malaria. Here's why:Mosquitoes need to bite animals (including humans) to get the nutrients they need to lay eggs and reproduce. If we genetically modify them so they can't bite, they might not be able to reproduce and their population could decline.Mosquitoes transmit diseases when they bite animals and humans. If we genetically modify them so they don't bite, they wouldn't be able to transmit these diseases. However, there are many other species of mosquitoes that could still transmit diseases, so we would need to genetically modify all of them to be effective.Genetically modifying a species can have unintended consequences. It's possible that genetically modifying mosquitoes to not bite could have unexpected effects on the environment or on other species that rely on mosquitoes for food.Overall, while it's possible to genetically modify mosquitoes to not bite, it's not a simple solution and would need to be carefully studied and tested before being implemented. There are other ways to prevent diseases like malaria, such as using insect repellents, bed nets, and medications.","I guess genetically modifying mosquitoes so they don't bite is possible but it's not that easy . They need to bite animals to get nutrients for laying eggs and reproducing . If we make them unable to bite , maybe they won't be able to have babies and their numbers might go down . They spread diseases when they bite , so if we make them not bite , they can't pass on the diseases . But then there's other kinds of mosquitoes that can still give you diseases . So we'd need to change all of them to make it work . Changing a species can have weird side effects . What if we make mosquitoes not bite and it messes with the environment or other animals that eat them . It's not that simple .",0.9992469549179077,0.0002454347850289196,22.62325668334961,6.063466666666667,0.061496967094367846,0.9023560285568237,0.9385030329056322
"Dogs and cats are different species and have different natural behaviors and instincts. Dogs are pack animals and have a strong instinct to follow a leader, which is why they are more likely to be obedient to humans. Cats, on the other hand, are more independent and are not as naturally inclined to follow human orders.

Another reason why dogs may be more obedient is that they have been bred for specific tasks and have been trained to follow commands for thousands of years. Many breeds of dogs were specifically bred to work with humans, such as herding dogs, hunting dogs, and guard dogs. Cats, on the other hand, have not been bred for specific tasks in the same way and have a more independent nature.

It's also worth noting that individual dogs and cats can vary greatly in their level of obedience and their relationship with humans. Some cats may be more obedient and follow commands, while some dogs may be more independent and not as eager to please their human companions. Ultimately, it's important to remember that each animal is unique and it's important to treat them with respect and kindness, regardless of their obedience level.","Dogs are probably more obedient to humans because they're pack animals, you know, like wolves. They like to follow a leader, which is why they'll often listen to you. Cats, on the other hand, are sort of independent, I guess, and don't really like to follow orders. They like to do their own thing, which is probably why they're not as obedient as dogs. 

Dogs have been bred for specific jobs, like herding and hunting, which means they've been trained to listen to humans. Cats haven't really been bred for jobs like that, so they're not as inclined to follow orders. It's not like all dogs are super obedient or anything, or that all cats are totally independent. Individual dogs and cats are different, like people. Some cats might be pretty obedient, while some dogs might be more independent. Whatever, it's all about treating them with kindness and respect.",0.9992431402206421,0.996060311794281,12.796631813049316,7.327040268456376,0.10636577699037504,0.9085931777954102,0.8936342230096249
"The Facebook experiment you're referring to is a study that was conducted by Facebook in 2014. In this study, Facebook researchers manipulated the news feed of about 600,000 Facebook users to see how their emotions would be affected. The researchers wanted to find out if seeing more positive or more negative content on Facebook would affect the emotional state of the users. To do this, they changed the news feed of some users to show more positive content, while they changed the news feed of other users to show more negative content. The researchers then looked at how the users' emotions changed based on the content they saw on their news feed. They found that seeing more positive content made people feel happier, while seeing more negative content made people feel sadder. This experiment has been controversial because some people believe that it was unethical for Facebook to manipulate the news feed of its users without their consent. Some people also believe that the experiment could have had unintended consequences, such as making people feel worse about themselves or their lives. Overall, this experiment was conducted to try to understand how social media can affect our emotions and behavior. It's important to remember that this was just one study, and more research is needed to fully understand the effects of social media on our emotions and behavior.","so this facebook experiment, right , they did this study on like 600,000 people , it was funded by the government , i guess. they wanted to see how peoples' emotions would change if they saw more positive or negative stuff on facebook. so they changed the news feed of some people to show more positive stuff, and others to show more negative stuff. they then checked to see how peoples' emotions changed, and found that seeing more positive stuff made people feel happier, while seeing more negative stuff made people feel sadder. some people think this was bad because facebook messed with peoples' feeds without asking, and it could've had bad effects, like making people feel worse about themselves. but the idea was to learn how social media affects us, and that's still being researched.",0.9992419481277466,0.00024489598581567407,20.341976165771484,10.000864661654138,0.003961501858661148,0.9106725454330444,0.9960384981413388
"Using multiple monitors can make it easier for a gamer to see more of the game world at once, which can be helpful in certain types of games. For example, in a first-person shooter, having a wider field of view can allow a player to see enemies that might be lurking just off to the side of the screen. In a strategy game, having multiple monitors can make it easier to keep track of different parts of the game board or battlefield.

Another reason people might use multiple monitors for gaming is to have one monitor for the game and another for other tasks, such as chat or streaming. This can be helpful if a person wants to keep an eye on something else while they're playing a game.

Overall, using multiple monitors can provide a more immersive and convenient gaming experience, but it's not necessary for all types of games or all players. Some people might prefer to use just one monitor or play games on a laptop or other device with a single screen.","People use multiple monitors for gaming probably because it makes it easier to see more of the game at once, I guess. Like in first-person shooter games, having a wider view can help you see enemies off to the side, you know? It's kinda like having a super-wide screen. 

Some people use multiple monitors to have one for the game and another for chat or streaming, which can be sort of helpful if you wanna keep an eye on something else while you're playing. But, it's not really necessary for all types of games or players, I don't think.",0.9992432594299316,0.9970529079437256,18.932514190673828,8.58048484848485,0.01607421311245029,0.917000949382782,0.9839257868875497
